{
    "rmse": 0.7316242534853702,
    "mae": 0.5660330239931297,
    "r2": 0.22248687959179614
}