{
    "rmse": 0.5701754089804885,
    "mae": 0.4206755034341441,
    "r2": 0.4661521458088308
}